氏名,学校名,コース,進捗度(%),加入日
東雲 聡,東雲大学,データ,59,2022/02/22
東雲 健太郎,西雲大学,フロントエンド,17,2022/02/20
東雲 健太,shinonome大学,フロントエンド,4,2022/09/08
東雲 修,shinonome大学,データ,100,2022/10/26
東雲 直人,shinonome大学,データ,54,2021/09/17
東雲 崇,shinonome大学,バックエンド,32,2021/11/24
東雲 一郎,西雲大学,バックエンド,12,2021/12/31
東雲 純,西雲大学,デザイン,100,2022/04/07
東雲 勝,東雲大学,バックエンド,7,2021/07/28
東雲 愛,東雲大学,データ,100,2022/05/28
東雲 美穂,西雲大学,フロントエンド,39,2021/07/16
東雲 恵,shinonome大学,フロントエンド,100,2021/04/28
東雲 久美子,shinonome大学,データ,21,2021/12/11
東雲 由佳,shinonome大学,データ,100,2021/12/14
東雲 直美,shinonome大学,バックエンド,23,2022/05/18
東雲 愛子,西雲大学,バックエンド,21,2021/08/10
東雲 和美,西雲大学,デザイン,87,2021/12/16
東雲 紀子,東雲大学,バックエンド,100,2022/09/19
東雲 さやか,東雲大学,データ,67,2022/09/07
東雲 薫,西雲大学,フロントエンド,79,2022/05/07
東雲 悦子,東雲大学,データ,100,2021/08/07
東雲 美佳,西雲大学,フロントエンド,25,2022/09/24
東雲 彩香,shinonome大学,バックエンド,100,2021/07/10
東雲 久美,東雲大学,データ,62,2021/09/27
東雲 静香,西雲大学,デザイン,100,2021/12/01
東雲 奈々,shinonome大学,デザイン,15,2022/08/03
東雲 裕子,東雲大学,データ,60,2021/10/31
東雲 小百合,西雲大学,フロントエンド,40,2022/04/20
東雲 まどか,shinonome大学,フロントエンド,100,2022/07/10
東雲 聡,東雲大学,データ,68,2021/12/17
東雲 健太郎,西雲大学,フロントエンド,88,2021/06/13
東雲 健太,shinonome大学,フロントエンド,20,2022/04/05
東雲 修,shinonome大学,データ,97,2022/03/11
東雲 直人,shinonome大学,データ,2,2021/05/13
東雲 崇,shinonome大学,バックエンド,27,2021/04/18
東雲 一郎,西雲大学,バックエンド,99,2022/04/26
東雲 純,西雲大学,デザイン,3,2021/11/24
東雲 勝,東雲大学,バックエンド,49,2022/06/19
東雲 愛,東雲大学,データ,100,2022/09/14
東雲 美穂,西雲大学,フロントエンド,48,2022/03/10
東雲 恵,shinonome大学,フロントエンド,93,2022/07/26
東雲 久美子,shinonome大学,データ,7,2022/07/23
東雲 由佳,shinonome大学,データ,37,2021/10/03
東雲 直美,shinonome大学,バックエンド,19,2022/10/12
東雲 愛子,西雲大学,バックエンド,20,2022/07/23
東雲 和美,西雲大学,デザイン,76,2022/03/10
東雲 紀子,東雲大学,バックエンド,74,2021/09/01
東雲 さやか,東雲大学,データ,96,2021/05/07
東雲 薫,西雲大学,フロントエンド,24,2022/08/06
東雲 悦子,東雲大学,データ,96,2022/03/29
東雲 美佳,西雲大学,フロントエンド,96,2022/07/13
東雲 彩香,shinonome大学,バックエンド,49,2021/07/08
東雲 久美,東雲大学,データ,40,2021/11/03
東雲 静香,西雲大学,デザイン,87,2022/08/25
東雲 奈々,shinonome大学,デザイン,52,2021/09/29
東雲 裕子,東雲大学,データ,70,2022/07/22
東雲 小百合,西雲大学,フロントエンド,46,2021/04/19
東雲 まどか,shinonome大学,フロントエンド,53,2022/03/07
東雲 聡,東雲大学,データ,37,2022/06/11
東雲 健太郎,西雲大学,フロントエンド,41,2021/11/28
東雲 健太,shinonome大学,フロントエンド,40,2021/10/08
東雲 修,shinonome大学,データ,82,2021/06/04
東雲 直人,shinonome大学,データ,7,2022/05/24
東雲 崇,shinonome大学,バックエンド,35,2022/01/18
東雲 一郎,西雲大学,バックエンド,68,2022/06/18
東雲 純,西雲大学,デザイン,51,2022/10/18
東雲 勝,東雲大学,バックエンド,46,2022/04/16
東雲 愛,東雲大学,データ,52,2021/06/22
東雲 美穂,西雲大学,フロントエンド,75,2021/06/23
東雲 恵,shinonome大学,フロントエンド,62,2021/08/11
東雲 久美子,shinonome大学,データ,94,2021/07/18
東雲 由佳,shinonome大学,データ,52,2021/06/16
東雲 直美,shinonome大学,バックエンド,47,2022/11/16
東雲 愛子,西雲大学,バックエンド,64,2022/08/05
東雲 和美,西雲大学,デザイン,99,2022/09/03
東雲 紀子,東雲大学,バックエンド,78,2022/03/09
東雲 さやか,東雲大学,データ,98,2021/06/26
東雲 薫,西雲大学,フロントエンド,77,2022/01/20
東雲 悦子,東雲大学,データ,45,2021/11/13
東雲 美佳,西雲大学,フロントエンド,8,2022/08/18
東雲 彩香,shinonome大学,バックエンド,35,2021/10/27
東雲 久美,東雲大学,データ,50,2022/04/03
東雲 静香,西雲大学,デザイン,77,2021/07/22
東雲 奈々,shinonome大学,デザイン,99,2022/06/23
東雲 裕子,東雲大学,データ,55,2022/02/15
東雲 小百合,西雲大学,フロントエンド,80,2022/07/28
東雲 まどか,shinonome大学,フロントエンド,35,2021/08/26
東雲 聡,東雲大学,データ,90,2021/10/12
東雲 健太郎,西雲大学,フロントエンド,80,2022/06/17
東雲 健太,shinonome大学,フロントエンド,81,2021/09/06
東雲 修,shinonome大学,データ,84,2021/06/06
東雲 直人,shinonome大学,データ,89,2022/10/14
東雲 崇,shinonome大学,バックエンド,80,2022/10/12
東雲 一郎,西雲大学,バックエンド,88,2022/05/26
東雲 純,西雲大学,デザイン,27,2022/07/22
東雲 勝,東雲大学,バックエンド,57,2021/05/02
東雲 愛,東雲大学,データ,11,2021/09/13
東雲 美穂,西雲大学,フロントエンド,42,2022/09/03
東雲 恵,shinonome大学,フロントエンド,80,2022/05/26
東雲 久美子,shinonome大学,データ,81,2022/06/25
東雲 由佳,shinonome大学,データ,12,2022/01/29
東雲 直美,shinonome大学,バックエンド,94,2021/05/20
東雲 愛子,西雲大学,バックエンド,50,2022/03/10
東雲 和美,西雲大学,デザイン,15,2022/03/28
東雲 紀子,東雲大学,バックエンド,82,2021/05/14
東雲 さやか,東雲大学,データ,67,2021/04/16
東雲 薫,西雲大学,フロントエンド,23,2022/02/12
東雲 悦子,東雲大学,データ,73,2022/02/28
東雲 美佳,西雲大学,フロントエンド,43,2021/06/29
東雲 彩香,shinonome大学,バックエンド,77,2021/10/19
東雲 久美,東雲大学,データ,87,2022/12/12
東雲 静香,西雲大学,デザイン,99,2022/10/25
東雲 奈々,shinonome大学,デザイン,19,2022/04/23
東雲 裕子,東雲大学,データ,52,2022/02/13
東雲 小百合,西雲大学,フロントエンド,85,2021/11/17
東雲 まどか,shinonome大学,フロントエンド,24,2021/11/22
東雲 聡,東雲大学,データ,46,2021/05/19
東雲 健太郎,西雲大学,フロントエンド,9,2022/05/09
東雲 健太,shinonome大学,フロントエンド,74,2022/06/30
東雲 修,shinonome大学,データ,5,2021/10/31
東雲 直人,shinonome大学,データ,23,2021/07/09
東雲 崇,shinonome大学,バックエンド,75,2021/12/04
東雲 一郎,西雲大学,バックエンド,61,2021/07/01
東雲 純,西雲大学,デザイン,71,2021/10/16
東雲 勝,東雲大学,バックエンド,35,2021/04/16
東雲 愛,東雲大学,データ,58,2021/11/15
東雲 美穂,西雲大学,フロントエンド,39,2021/07/27
東雲 恵,shinonome大学,フロントエンド,50,2022/01/30
東雲 久美子,shinonome大学,データ,22,2022/06/13
東雲 由佳,shinonome大学,データ,17,2021/04/15
東雲 直美,shinonome大学,バックエンド,19,2021/10/19
東雲 愛子,西雲大学,バックエンド,62,2021/05/29
東雲 和美,西雲大学,デザイン,86,2021/04/04
東雲 紀子,東雲大学,バックエンド,19,2021/09/21
東雲 さやか,東雲大学,データ,18,2022/03/07
東雲 薫,西雲大学,フロントエンド,26,2022/09/18
東雲 悦子,東雲大学,データ,54,2021/07/06
東雲 美佳,西雲大学,フロントエンド,58,2022/10/03
東雲 彩香,shinonome大学,バックエンド,37,2021/09/16
東雲 久美,東雲大学,データ,9,2021/10/08
東雲 静香,西雲大学,デザイン,94,2021/05/18
東雲 奈々,shinonome大学,デザイン,59,2021/05/20
東雲 裕子,東雲大学,データ,39,2022/01/31
東雲 小百合,西雲大学,フロントエンド,100,2021/05/19
東雲 まどか,shinonome大学,フロントエンド,44,2022/09/13
東雲 聡,東雲大学,データ,90,2022/03/23
東雲 健太郎,西雲大学,フロントエンド,25,2022/09/25
東雲 健太,shinonome大学,フロントエンド,73,2022/05/04
東雲 修,shinonome大学,データ,55,2022/06/06
東雲 直人,shinonome大学,データ,12,2022/09/05
東雲 崇,shinonome大学,バックエンド,63,2022/01/02
東雲 一郎,西雲大学,バックエンド,58,2022/01/30
東雲 純,西雲大学,デザイン,97,2022/01/08
東雲 勝,東雲大学,バックエンド,75,2022/09/09
東雲 愛,東雲大学,データ,100,2021/11/14
東雲 美穂,西雲大学,フロントエンド,52,2022/08/23
東雲 恵,shinonome大学,フロントエンド,100,2022/03/19
東雲 久美子,shinonome大学,データ,100,2022/08/16
東雲 由佳,shinonome大学,データ,100,2021/09/05
東雲 直美,shinonome大学,バックエンド,100,2022/11/23
東雲 愛子,西雲大学,バックエンド,100,2021/05/02
東雲 和美,西雲大学,デザイン,100,2021/10/04
東雲 紀子,東雲大学,バックエンド,100,2021/12/16
東雲 さやか,東雲大学,データ,100,2021/09/17
東雲 薫,西雲大学,フロントエンド,100,2021/06/16
東雲 悦子,東雲大学,データ,22,2021/05/23
東雲 美佳,西雲大学,フロントエンド,68,2022/01/31
東雲 彩香,shinonome大学,バックエンド,71,2022/12/12
東雲 久美,東雲大学,データ,99,2022/08/28
東雲 静香,西雲大学,デザイン,35,2021/09/06
東雲 奈々,shinonome大学,デザイン,56,2022/07/21
東雲 裕子,東雲大学,データ,97,2022/07/06
東雲 小百合,西雲大学,フロントエンド,20,2022/12/02
東雲 まどか,shinonome大学,フロントエンド,7,2022/11/22
東雲 聡,東雲大学,データ,84,2022/09/03
東雲 健太郎,西雲大学,フロントエンド,57,2021/12/24
東雲 健太,shinonome大学,フロントエンド,14,2022/07/11
東雲 修,shinonome大学,データ,6,2022/08/06
東雲 直人,shinonome大学,データ,98,2021/04/02
東雲 崇,shinonome大学,バックエンド,30,2021/10/03
東雲 一郎,西雲大学,バックエンド,14,2021/04/27
東雲 純,西雲大学,デザイン,51,2022/11/18
東雲 勝,東雲大学,バックエンド,53,2021/08/11
東雲 愛,東雲大学,データ,77,2021/12/31
東雲 美穂,西雲大学,フロントエンド,31,2021/04/23
東雲 恵,shinonome大学,フロントエンド,49,2021/05/26
東雲 久美子,shinonome大学,データ,61,2021/10/05
東雲 由佳,shinonome大学,データ,74,2022/01/28
東雲 直美,shinonome大学,バックエンド,79,2021/05/24
東雲 愛子,西雲大学,バックエンド,84,2022/08/07
東雲 和美,西雲大学,デザイン,99,2022/04/19
東雲 紀子,東雲大学,バックエンド,31,2022/04/07
東雲 さやか,東雲大学,データ,58,2021/12/13
東雲 薫,西雲大学,フロントエンド,95,2022/01/22
東雲 悦子,東雲大学,データ,0,2021/07/11
東雲 美佳,西雲大学,フロントエンド,96,2022/03/28
東雲 彩香,shinonome大学,バックエンド,11,2021/04/09
東雲 久美,東雲大学,データ,35,2022/10/29
東雲 静香,西雲大学,デザイン,9,2022/09/15
東雲 奈々,shinonome大学,デザイン,24,2021/06/08
東雲 裕子,東雲大学,データ,51,2021/12/20
東雲 小百合,西雲大学,フロントエンド,6,2022/09/14
東雲 まどか,shinonome大学,フロントエンド,33,2022/01/31
東雲 聡,東雲大学,データ,98,2021/07/11
東雲 健太郎,西雲大学,フロントエンド,36,2021/05/23
東雲 健太,shinonome大学,フロントエンド,68,2021/11/10
東雲 修,shinonome大学,データ,23,2022/04/20
東雲 直人,shinonome大学,データ,36,2022/04/13
東雲 崇,shinonome大学,バックエンド,55,2021/09/18
東雲 一郎,西雲大学,バックエンド,63,2021/12/07
東雲 純,西雲大学,デザイン,98,2022/03/22
東雲 勝,東雲大学,バックエンド,78,2022/02/04
東雲 愛,東雲大学,データ,6,2022/08/21
東雲 美穂,西雲大学,フロントエンド,78,2022/07/30
東雲 恵,shinonome大学,フロントエンド,77,2022/03/09
東雲 久美子,shinonome大学,データ,85,2021/04/30
東雲 由佳,shinonome大学,データ,100,2022/12/03
東雲 直美,shinonome大学,バックエンド,65,2022/06/30
東雲 愛子,西雲大学,バックエンド,8,2022/07/18
東雲 和美,西雲大学,デザイン,12,2021/12/30
東雲 紀子,東雲大学,バックエンド,97,2021/11/25
東雲 さやか,東雲大学,データ,100,2021/10/17
東雲 薫,西雲大学,フロントエンド,100,2021/10/26
東雲 悦子,東雲大学,データ,52,2022/04/10
東雲 美佳,西雲大学,フロントエンド,29,2022/09/02
東雲 彩香,shinonome大学,バックエンド,63,2022/10/04
東雲 久美,東雲大学,データ,41,2022/11/21
東雲 静香,西雲大学,デザイン,49,2022/08/26
東雲 奈々,shinonome大学,デザイン,47,2022/06/05
東雲 裕子,東雲大学,データ,28,2022/01/20
東雲 小百合,西雲大学,フロントエンド,41,2022/10/05
東雲 まどか,shinonome大学,フロントエンド,66,2022/04/22
東雲 聡,東雲大学,データ,98,2021/12/01
東雲 健太郎,西雲大学,フロントエンド,71,2022/09/18
東雲 健太,shinonome大学,フロントエンド,32,2021/08/04
東雲 修,shinonome大学,データ,97,2022/03/31
東雲 直人,shinonome大学,データ,16,2022/01/09
東雲 崇,shinonome大学,バックエンド,100,2022/11/06
東雲 一郎,西雲大学,バックエンド,77,2021/07/30
東雲 純,西雲大学,デザイン,39,2021/04/13
東雲 勝,東雲大学,バックエンド,7,2022/03/22
東雲 愛,東雲大学,データ,23,2022/03/04
東雲 美穂,西雲大学,フロントエンド,100,2022/09/11
東雲 恵,shinonome大学,フロントエンド,100,2021/05/11
東雲 久美子,shinonome大学,データ,100,2022/11/11
東雲 由佳,shinonome大学,データ,100,2022/01/05
東雲 直美,shinonome大学,バックエンド,100,2021/12/08
東雲 愛子,西雲大学,バックエンド,100,2022/05/27
東雲 和美,西雲大学,デザイン,100,2022/02/22
東雲 紀子,東雲大学,バックエンド,100,2021/08/28
東雲 さやか,東雲大学,データ,100,2021/11/09
東雲 薫,西雲大学,フロントエンド,100,2021/08/16
東雲 悦子,東雲大学,データ,100,2021/09/26
東雲 美佳,西雲大学,フロントエンド,100,2022/09/11
東雲 彩香,shinonome大学,バックエンド,100,2021/07/25
東雲 久美,東雲大学,データ,100,2022/06/21
東雲 静香,西雲大学,デザイン,100,2021/11/15
東雲 奈々,shinonome大学,デザイン,100,2021/08/01
東雲 裕子,東雲大学,データ,49,2022/02/13
東雲 小百合,西雲大学,フロントエンド,13,2022/07/03
東雲 まどか,shinonome大学,フロントエンド,52,2021/11/26
東雲 聡,東雲大学,データ,12,2022/11/26
東雲 健太郎,西雲大学,フロントエンド,17,2022/01/24
東雲 健太,shinonome大学,フロントエンド,25,2022/07/07
東雲 修,shinonome大学,データ,42,2022/11/04
東雲 直人,shinonome大学,データ,32,2022/07/25
東雲 崇,shinonome大学,バックエンド,27,2022/03/17
東雲 一郎,西雲大学,バックエンド,98,2021/08/26
東雲 純,西雲大学,デザイン,49,2022/11/06
東雲 勝,東雲大学,バックエンド,44,2021/05/22
東雲 愛,東雲大学,データ,13,2021/07/01
東雲 美穂,西雲大学,フロントエンド,59,2021/12/04
東雲 恵,shinonome大学,フロントエンド,64,2021/07/18
東雲 久美子,shinonome大学,データ,71,2021/07/18
東雲 由佳,shinonome大学,データ,61,2022/08/04
東雲 直美,shinonome大学,バックエンド,0,2021/05/16
東雲 愛子,西雲大学,バックエンド,75,2021/06/04
東雲 和美,西雲大学,デザイン,48,2022/11/18
東雲 紀子,東雲大学,バックエンド,66,2021/06/30
東雲 さやか,東雲大学,データ,37,2022/08/22
東雲 薫,西雲大学,フロントエンド,99,2022/08/18
東雲 悦子,東雲大学,データ,80,2022/10/29
東雲 美佳,西雲大学,フロントエンド,70,2021/09/30
東雲 彩香,shinonome大学,バックエンド,36,2021/12/23
東雲 久美,東雲大学,データ,22,2022/06/10
東雲 静香,西雲大学,デザイン,9,2022/09/04
東雲 奈々,shinonome大学,デザイン,66,2021/08/17
東雲 裕子,東雲大学,データ,65,2022/09/20
東雲 小百合,西雲大学,フロントエンド,41,2021/11/30
東雲 まどか,shinonome大学,フロントエンド,100,2022/01/16
東雲 聡,東雲大学,データ,100,2021/06/23
東雲 健太郎,西雲大学,フロントエンド,100,2022/06/01
東雲 健太,shinonome大学,フロントエンド,100,2021/06/21
東雲 修,shinonome大学,データ,100,2022/08/29
東雲 直人,shinonome大学,データ,43,2021/10/02
東雲 崇,shinonome大学,バックエンド,47,2021/08/04
東雲 一郎,西雲大学,バックエンド,6,2022/10/12
東雲 純,西雲大学,デザイン,22,2022/02/26
東雲 勝,東雲大学,バックエンド,25,2021/05/13